SPECIES,STRAIN,JGILIBRARY,BIOSAMPLE,BIOPROJECT,SRA,LOCUSTAG,TEMPLATE
Mortierella cystojenkinii,1230,BCCTH,SAMN05720522,PRJNA340830,SRS1930872,BGZ83,Mortierellaceae_MLST
Basidiobolus heterosporus,ARSEF 8332,CUPXS,SAMN10865591,PRJNA519387,SRS4604796,EV275,ZygoLCG
Basidiobolus ranarum,AGB5,UCRAGB5,SAMN06265880,PRJNA364306,,BX613,ZygoLCG
Conidiobolus antarcticus,ARSEF 6913,CUPXP,SAMN10865590,PRJNA519386,SRS4604793,EV274,ZygoLCG
Conidiobolus firmipilleus,ARSEF 2731,CHXWS,SAMN09074834,PRJNA463341,SRS3664041,DFQ34,ZygoLCG
Conidiobolus heterosporus,ARSEF 6386,CHXWY,SAMN09074673,PRJNA463338,SRS3664045,DFQ31,ZygoLCG
Conidiobolus lamprauges,ARSEF 2338,CHXWP,SAMN09074664,PRJNA463323,SRS3664037,DFQ18,ZygoLCG
Conidiobolus lamprauges,NRRL 1229,CTHWH,SAMN10361075,PRJNA499642,SRS4289373,EC935,ZygoLCG
Conidiobolus megalotocus,ARSEF 8428,CHXXA,SAMN09074662,PRJNA463321,SRS3664046,DFQ16,ZygoLCG
Conidiobolus megalotocus,NRRL 3011,CTHTZ,SAMN10361242,PRJNA499693,SRS4287283,EC987,ZygoLCG
Conidiobolus osmodes,ARSEF 79,COZTU,SAMN10362772,PRJNA500290,SRS4247302,EDC06,ZygoLCG
Conidiobolus polytocus,NRRL 1231,CTHWA,SAMN10361076,PRJNA499643,SRS4288463,EC936,ZygoLCG
Conidiobolus pumilus,ARSEF 6383,COZTT,SAMN10865798,PRJNA519840,SRS4331674,EV402,ZygoLCG
Conidiobolus pumilus,ARSEF 6383,COZTT,SAMN10865798,PRJNA519840,SRS4331674,EV402,ZygoLCG
Conidiobolus rhysosporus,ARSEF 448,CHXWT,SAMN09074663,PRJNA463322,SRS3664043,DFQ17,ZygoLCG
Conidiobolus rhysosporus,NRRL 1225,CTHUZ,SAMN10361577,PRJNA499695,SRS4288467,EC989,ZygoLCG
Conidiobolus sp.,NRRL 29146,CTHTY,SAMN10366862,PRJNA499692,SRS4287286,EC986,ZygoLCG
Conidiobolus thromboides,ARSEF 4968,CHXWU,SAMN09074833,PRJNA463340,SRS3664042,DFQ33,ZygoLCG
Conidiobolus thromboides,NRRL 1224,CTHUA,SAMN10361283,PRJNA499691,SRS4287282,EC985,ZygoLCG
Coemansia aciculifera,BCRC 34181,GPGGC,SAMN13165656,PRJNA581600,,GGI21,ZygoLCG
Coemansia aciculifera,NRRL 2694,GPCZB,SAMN13165557,PRJNA581572,,GGH93,ZygoLCG
Coemansia aciculifera,RSA 476,GPGCG,SAMN13165642,PRJNA581573,,GGH94,ZygoLCG
Coemansia asiatica,BCRC 34628,GBNTG,SAMN11532557,PRJNA538871,SRS5392557,FB639,ZygoLCG
Coemansia asiatica,NBRC 105413,NC105413,,,,,ZygoLCG
Coemansia biformis,BCRC 34381,BCR34381,,,,,ZygoLCG
Coemansia brasiliensis,NRRL 1566,GWCZW,,,,,ZygoLCG
Coemansia erecta,BCRC 34228,GPCYX,SAMN13165570,PRJNA581601,,GGI22,ZygoLCG
Coemansia erecta,CBS 336.87,GWCZX,,,,,ZygoLCG
Coemansia erecta,CBS 939.97,GWCZY,,,,,ZygoLCG
Coemansia erecta,IMI 279145,GWCZZ,,,,,ZygoLCG
Coemansia erecta,NBRC 32514,NRC32514,,,,,ZygoLCG
Coemansia formosensis,NRRL 5531T,GBNUS,SAMN11510821,PRJNA535812,SRS5392555,FBU31,ZygoLCG
Coemansia furcata,BCRC 34190,GPCZX,SAMN13165571,PRJNA581603,,GGI24,ZygoLCG
Coemansia furcata,CBS 102833,GWGAA,SAMN13165571,PRJNA581603,SRS6088875,GGI24,ZygoLCG
Coemansia interrupta,BCRC 34489,GPCZO,SAMN13165568,PRJNA581594,,GGI15,ZygoLCG
Coemansia linderi,BCRC 34191,GPGHN,SAMN13190185,PRJNA581597,,GGI18,ZygoLCG
Coemansia pectinata,BCRC 34297,GPGHT,SAMN13165569,PRJNA581598,,GGI19,ZygoLCG
Coemansia sp.,BCRC 34301,GPGAU,SAMN13190105,PRJNA581599,,GGI20,ZygoLCG
Coemansia sp.,BCRC 34490,GWGAB,,,,,ZygoLCG
Coemansia sp.,BCRC 34962,GWCYN,,,,,ZygoLCG
Coemansia sp.,Benny D115,GPGBO,SAMN13190182,PRJNA581586,,GGI07,ZygoLCG
Coemansia sp.,Benny D160-2,BeD160_2,,,,,ZygoLCG
Coemansia sp.,D1744,GWGAC,SAMN13190352,PRJNA581173,SRS6089423,GGF47,ZygoLCG
Coemansia sp.,IMI 203386,GBNSO,SAMN11532042,PRJNA538877,SRS5392558,FB645,ZygoLCG
Coemansia sp.,IMI 209127,MI209127,,,,,ZygoLCG
Coemansia sp.,RSA 1085,GWGAG,,,,,ZygoLCG
Coemansia sp.,RSA 1086,RSA1086,,,,,ZygoLCG
Coemansia sp.,RSA 1200,GWGAH,,,,,ZygoLCG
Coemansia sp.,RSA 1250,GWGAN,,,,,ZygoLCG
Coemansia sp.,RSA 1285,GPGGH,SAMN13189931,PRJNA581578,,GGH99,ZygoLCG
Coemansia sp.,RSA 1286,GPCZU,SAMN13190350,PRJNA581166,,GGF40,ZygoLCG
Coemansia sp.,RSA 1358,GPGAS,SAMN13190347,PRJNA581605,,GGI26,ZygoLCG
Coemansia sp.,RSA 1365,GWGAO,,,,,ZygoLCG
Coemansia sp.,RSA 1591,RSA1591,,,,,ZygoLCG
Coemansia sp.,RSA 1694,GPCZN,SAMN13190044,PRJNA581170,,GGF44,ZygoLCG
Coemansia sp.,RSA 1721,GPGHG,SAMN13190106,PRJNA581165,,GGF39,ZygoLCG
Coemansia sp.,RSA 1722,GWGAP,,,,,ZygoLCG
Coemansia sp.,RSA 1752,RSA1752,,,,,ZygoLCG
Coemansia sp.,RSA 1797,GWGAS,,,,,ZygoLCG
Coemansia sp.,RSA 1804,CUPXY,SAMN10872741,PRJNA519290,SRS4604248,EV177,ZygoLCG
Coemansia sp.,RSA 1807,GOUNU,SAMN13190344,PRJNA581498,,GGH19,ZygoLCG
Coemansia sp.,RSA 1813,GWCYX,,,,,ZygoLCG
Coemansia sp.,RSA 1821,RSA1821,,,,,ZygoLCG
Coemansia sp.,RSA 1822,GPGCX,SAMN13190342,PRJNA581491,,GGH12,ZygoLCG
Coemansia sp.,RSA 1824,RSA1824,,,,,ZygoLCG
Coemansia sp.,RSA 1836,GPCYW,SAMN13190384,PRJNA581574,,GGH95,ZygoLCG
Coemansia sp.,RSA 1843,RSA1843,,,,,ZygoLCG
Coemansia sp.,RSA 1853,GPGCT,SAMN13190179,PRJNA581175,,GGF49,ZygoLCG
Coemansia sp.,RSA 1878,GWGAT,,,,,ZygoLCG
Coemansia sp.,RSA 1933,CUPZY,SAMN10872736,PRJNA519288,SRS4604784,EV175,ZygoLCG
Coemansia sp.,RSA 1935,GWGAU,,,,,ZygoLCG
Coemansia sp.,RSA 1937,GPGGZ,SAMN13190136,PRJNA581499,,GGH20,ZygoLCG
Coemansia sp.,RSA 1938,RSA1938,,,,,ZygoLCG
Coemansia sp.,RSA 1939,GWCYS,,,,,ZygoLCG
Coemansia sp.,RSA 1972,GPCZH,SAMN13190181,PRJNA581575,,GGH96,ZygoLCG
Coemansia sp.,RSA 2049,GPGGU,SAMN13190142,PRJNA581590,,GGI11,ZygoLCG
Coemansia sp.,RSA 2050,GWGAW,,,,,ZygoLCG
Coemansia sp.,RSA 2052,GWGAX,,,,,ZygoLCG
Coemansia sp.,RSA 2131,GWGAY,,,,,ZygoLCG
Coemansia sp.,RSA 2167,RSA2167,,,,,ZygoLCG
Coemansia sp.,RSA 2320,CUPYA,SAMN10872739,PRJNA519287,SRS4604247,EV174,ZygoLCG
Coemansia sp.,RSA 2322,GPGBH,SAMN13190140,PRJNA581581,,GGI02,ZygoLCG
Coemansia sp.,RSA 2336,CUPYC,SAMN10872746,PRJNA519296,SRS4604277,EV183,ZygoLCG
Coemansia sp.,RSA 2337,GPGGG,SAMN13189934,PRJNA581582,,GGI03,ZygoLCG
Coemansia sp.,RSA 2399,RSA2399,,,,,ZygoLCG
Coemansia sp.,RSA 2424,GPGCZ,SAMN13190351,PRJNA581168,,GGF42,ZygoLCG
Coemansia sp.,RSA 2440,GWGAZ,,,,,ZygoLCG
Coemansia sp.,RSA 25,GPCYT,SAMN13190349,PRJNA581164,,GGF38,ZygoLCG
Coemansia sp.,RSA 2523,RSA2523,,,,,ZygoLCG
Coemansia sp.,RSA 2524,GPGGT,SAMN13190352,PRJNA581173,,GGF47,ZygoLCG
Coemansia sp.,RSA 2526,GWCYU,,,,,ZygoLCG
Coemansia sp.,RSA 2530,GPGGO,SAMN13190183,PRJNA581589,,GGI10,ZygoLCG
Coemansia sp.,RSA 2531,GPCZT,SAMN13190145,PRJNA581167,,GGF41,ZygoLCG
Coemansia sp.,RSA 2559,GPCYY,SAMN13190217,PRJNA581602,,GGI23,ZygoLCG
Coemansia sp.,RSA 2598,RSA2598,,,,,ZygoLCG
Coemansia sp.,RSA 2599,RSA2599,,,,,ZygoLCG
Coemansia sp.,RSA 2603,GPGBT,SAMN13190141,PRJNA581584,,GGI05,ZygoLCG
Coemansia sp.,RSA 2607,GWCYT,,,,,ZygoLCG
Coemansia sp.,RSA 2610,GWGBB,,,,,ZygoLCG
Coemansia sp.,RSA 2611,GWGBC,,,,,ZygoLCG
Coemansia sp.,RSA 2618,GOUNY,SAMN13190218,PRJNA581169,,GGF43,ZygoLCG
Coemansia sp.,RSA 2671,GPCYZ,SAMN13190345,PRJNA581570,,GGH91,ZygoLCG
Coemansia sp.,RSA 2673,GPGAO,SAMN13190180,PRJNA581571,,GGH92,ZygoLCG
Coemansia sp.,RSA 2675,RSA2675,,,,,ZygoLCG
Coemansia sp.,RSA 2681,GPGHO,SAMN13190101,PRJNA581579,,GGI00,ZygoLCG
Coemansia sp.,RSA 2703,RSA2703,,,,,ZygoLCG
Coemansia sp.,RSA 2704,GWGBH,,,,,ZygoLCG
Coemansia sp.,RSA 2705,GWGBN,,,,,ZygoLCG
Coemansia sp.,RSA 2706,GWGBO,,,,,ZygoLCG
Coemansia sp.,RSA 2708,RSA2708,,,,,ZygoLCG
Coemansia sp.,RSA 2711,RSA2711,,,,,ZygoLCG
Coemansia sp.,RSA 353,GWCYZ,,,,,ZygoLCG
Coemansia sp.,RSA 355,GWCYW,,,,,ZygoLCG
Coemansia sp.,RSA 370,GOUNW,SAMN13190343,PRJNA581493,,GGH14,ZygoLCG
Coemansia sp.,RSA 371,GWCYY,,,,,ZygoLCG
Coemansia sp.,RSA 376,GPGCU,SAMN13190102,PRJNA581580,,GGI01,ZygoLCG
Coemansia sp.,RSA 451,CUPZZ,SAMN10872740,PRJNA519289,SRS4604782,EV176,ZygoLCG
Coemansia sp.,RSA 454,GPGCS,SAMN13190382,PRJNA581577,,GGH98,ZygoLCG
Coemansia sp.,RSA 455,GPCZW,SAMN13190184,PRJNA581592,,GGI13,ZygoLCG
Coemansia sp.,RSA 475,GPGAX,SAMN13190385,PRJNA581576,,GGH97,ZygoLCG
Coemansia sp.,RSA 486,RSA486,,,,,ZygoLCG
Coemansia sp.,RSA 487,CUPYB,SAMN10872743,PRJNA519292,SRS4604251,EV179,ZygoLCG
Coemansia sp.,RSA 518,CUPYG,SAMN10872744,PRJNA519293,SRS4604278,EV180,ZygoLCG
Coemansia sp.,RSA 521,GWCZB,,,,,ZygoLCG
Coemansia sp.,RSA 522,GWCZC,SAMN13189934,PRJNA581582,SRS6089195,GGI03,ZygoLCG
Coemansia sp.,RSA 530,GPCZA,SAMN13190147,PRJNA581497,,GGH18,ZygoLCG
Coemansia sp.,RSA 532,CUPXZ,SAMN10872745,PRJNA519294,SRS4604246,EV181,ZygoLCG
Coemansia sp.,RSA 551,GPGHC,SAMN13189932,PRJNA581171,,GGF45,ZygoLCG
Coemansia sp.,RSA 552,GPCZG,SAMN13190146,PRJNA581172,,GGF46,ZygoLCG
Coemansia sp.,RSA 560,GPCZZ,SAMN13190135,PRJNA581495,,GGH16,ZygoLCG
Coemansia sp.,RSA 562,GOUNX,SAMN13190138,PRJNA581494,SRS6097267,GGH15,ZygoLCG
Coemansia sp.,RSA 564,GWCZG,,,,,ZygoLCG
Coemansia sp.,RSA 637,GWCZN,SAMN10872746,PRJNA519296,SRS4604277,EV183,ZygoLCG
Coemansia sp.,RSA 638,RSA638,,,,,ZygoLCG
Coemansia sp.,RSA 678,GWCZO,,,,,ZygoLCG
Coemansia sp.,RSA 720,GWCZH,,,,,ZygoLCG
Coemansia sp.,RSA 788,GPGBG,SAMN13190040,PRJNA581496,,GGH17,ZygoLCG
Coemansia sp.,RSA 921,GPGGS,SAMN13189928,PRJNA581174,,GGF48,ZygoLCG
Coemansia sp.,RSA 986,GWCZS,,,,,ZygoLCG
Coemansia sp.,RSA 989,RSA989,,,,,ZygoLCG
Coemansia sp.,RSA 990,RSA990,,,,,ZygoLCG
Coemansia sp.,S100,GPCZC,SAMN13190346,PRJNA581588,,GGI09,ZygoLCG
Coemansia sp.,S142-1,GPCZY,SAMN13190387,PRJNA581595,,GGI16,ZygoLCG
Coemansia sp.,S146,GPGCP,SAMN13190216,PRJNA581596,,GGI17,ZygoLCG
Coemansia sp.,S155-1,GPGAA,SAMN13190381,PRJNA581492,,GGH13,ZygoLCG
Coemansia sp.,S16,GWGBS,,,,,ZygoLCG
Coemansia sp.,S17,S17,,,,,ZygoLCG
Coemansia sp.,S2,GPCZP,SAMN13190042,PRJNA581587,,GGI08,ZygoLCG
Coemansia sp.,S3946,GWGBT,,,,,ZygoLCG
Coemansia sp.,S680,GPGAB,SAMN13190043,PRJNA581593,,GGI14,ZygoLCG
Coemansia sp.,S85,GPGCO,SAMN13190104,PRJNA581585,,GGI06,ZygoLCG
Coemansia spiralis,NRRL 3115,GPGCY,SAMN13166136,PRJNA581604,,GGI25,ZygoLCG
Coemansia thaxteri,IMI 214461,GWGCA,,,,,ZygoLCG
Coemansia thaxteri,IMI 214463,GPGBU,SAMN13190103,PRJNA581583,,GGI04,ZygoLCG
Coemansia umbellata,BCRC 34882,COZTW,SAMN10362771,PRJNA500289,SRS4247319,EDC05,ZygoLCG
Dimargaris cristalligena,RSA 1219,GWGBX,,,,,ZygoLCG
Dimargaris verticellata,RSA 567,GWGBY,,,,,ZygoLCG
Dimargaris xerosporica,NRRL 3178,GWGBZ,,,,,ZygoLCG
Dipsacomyces acuminosporus,NRRL 2925,GPYHY,SAMN13165479,PRJNA581591,,GGI12,ZygoLCG
Kickxella alabastrina,Benny 63K,Benny63K,,,,,ZygoLCG
Kickxella alabastrina,RSA 2140,GPGBC,SAMN13165483,PRJNA581163,,GGF37,ZygoLCG
Linderina macrospora,NRRL 5244,GBNSH,SAMN11510661,PRJNA535837,SRS5393852,FBU59,ZygoLCG
Linderina pennispora,NRRL 3781,CTHUX,SAMN10361243,PRJNA499694,SRS4288462,EC988,ZygoLCG
Mycoemilia scoparia,NBRC 100468,GWCZT,,,,,ZygoLCG
Spiromyces aspiralis,RSA 2271,CUPXW,SAMN10864757,PRJNA519295,SRS4604250,EV182,ZygoLCG
Dissophora ornata,NRRL 22417,BCCTU,SAMN05720457,PRJNA340805,SRS1932017,BGZ58,Mortierellaceae_MLST
Echinosporangium transversalis,NRRL 5525,BCCTS,SAMN06281768,PRJNA364309,SRS2358157,BX616,Mortierellaceae_MLST
Haplosporangium bisporale,NRRL A-12553,BCCSG,SAMN05727890,PRJNA340799,SRS1932021,BGZ52,Mortierellaceae_MLST
Haplosporangium lignicola,NRRL 2525,BCCOW,SAMN05720451,PRJNA340793,SRS1932011,BGZ46,Mortierellaceae_MLST
Haplosporangium sp.,NRRL 3175,BCCPO,SAMN05727888,PRJNA340796,SRS1932019,BGZ49,Mortierellaceae_MLST
Haplosporangium sp.,NRRL A-10739,BCCTX,SAMN05727889,PRJNA340797,SRS1932022,BGZ50,Mortierellaceae_MLST
Haplosporangium sp.,NRRL A-10996,BCCSB,SAMN05727887,PRJNA340798,SRS1932020,BGZ51,Mortierellaceae_MLST
Lobosporangium transversale,NRRL 3116,BCCPH,SAMN06281768,PRJNA364309,SRS2358157,BX616,Mortierellaceae_MLST
Modicella reniformis,MES-2147,BCCSY,SAMN05720516,PRJNA340812,SRS1932137,BGZ65,Mortierellaceae_MLST
Mortierella alpina,AD071,BCCSN,SAMN05720461,PRJNA340814,SRS1930914,BGZ67,Mortierellaceae_MLST
Mortierella alpina,AD072,BCCSS,SAMN05720462,PRJNA340815,SRS1930917,BGZ68,Mortierellaceae_MLST
Mortierella alpina,CK1249,BCCGZ,SAMN05720518,PRJNA340817,SRS1930926,BGZ70,Mortierellaceae_MLST
Mortierella alpina,GBA31,BCCHH,SAMN05720773,PRJNA340819,SRS1930928,BGZ72,Mortierellaceae_MLST
Mortierella alpina,NRRL 66262,CTHWC,SAMN10361219,PRJNA499674,SRS4289378,EC968,ZygoLCG
Mortierella ambigua,BC1065,CHXXH,SAMN09074672,PRJNA463334,SRS3664051,DFQ27,ZygoLCG
Mortierella ambigua,BC1291,CHXXN,SAMN09074671,PRJNA463333,SRS3664052,DFQ26,ZygoLCG
Mortierella ambigua,NRRL 28271,BCCPB,SAMN05720519,PRJNA340820,SRS1932112,BGZ73,Mortierellaceae_MLST
Mortierella antarctica,KOD 1229,BCCSH,SAMN05720774,PRJNA340822,SRS1932134,BGZ75,Mortierellaceae_MLST
Mortierella beljakovae,KOD 1040,BCCSX,SAMN05720775,PRJNA340823,SRS1932032,BGZ76,Mortierellaceae_MLST
Mortierella camargensis,NRRL 2610,BCCOY,SAMN05727885,PRJNA340794,SRS1932652,BGZ47,Mortierellaceae_MLST
Mortierella chineii,NRRL 5217,BCCUA,SAMN05720484,PRJNA340478,SRS1932132,BGW40,ZygoLCG
Mortierella chlamydospora,AD033,BCCHP,SAMN05720793,PRJNA340826,SRS1930902,BGZ79,Mortierellaceae_MLST
Mortierella chlamydospora,NRRL 2769,BCCPW,SAMN05720521,PRJNA340827,SRS1932035,BGZ80,Mortierellaceae_MLST
Mortierella claussenii,NRRL 2760,CTHPN,SAMN10363166,PRJNA500529,SRS4093515,EDD11,ZygoLCG
Mortierella clonocystis,AM1000,BCCTG,SAMN05720794,PRJNA340828,SRS1930920,BGZ81,Mortierellaceae_MLST
Mortierella clonocystis,KOD 947,BCCNY,SAMN05720795,PRJNA340829,SRS1932039,BGZ82,Mortierellaceae_MLST
Mortierella elongata,GBA34,BCCHN,SAMN05720796,PRJNA340835,SRS1931033,BGZ88,Mortierellaceae_MLST
Mortierella elongata,GBA40,BCCOP,SAMN05720440,PRJNA340836,SRS1931039,BGZ89,Mortierellaceae_MLST
Mortierella elongata,NVP5,BCCNX,SAMN05720527,PRJNA340837,SRS1931041,BGZ90,Mortierellaceae_MLST
Mortierella elongata,NVP71,BCCOB,SAMN05720528,PRJNA340838,SRS1932007,BGZ91,Mortierellaceae_MLST
Mortierella epicladia,AD058,BCCNA,SAMN05720441,PRJNA340839,SRS1930899,BGZ92,Mortierellaceae_MLST
Mortierella epicladia,KOD 1059,BCCTC,SAMN05720442,PRJNA340840,SRS1932033,BGZ93,Mortierellaceae_MLST
Mortierella epigama,NRRL 5512,BCCPG,SAMN05720443,PRJNA340841,SRS1932105,BGZ94,Mortierellaceae_MLST
Mortierella exigua,NRRL 28262,BCCOU,SAMN05720535,PRJNA340842,SRS1932040,BGZ95,Mortierellaceae_MLST
Mortierella gamsii,AD045,BCCHY,SAMN05720529,PRJNA340843,SRS1930903,BGZ96,Mortierellaceae_MLST
Mortierella gamsii,NVP60,BCCNZ,SAMN05720530,PRJNA340844,SRS1932008,BGZ97,Mortierellaceae_MLST
Mortierella globulifera,AD054,BCCHZ,SAMN05720444,PRJNA340845,SRS1930898,BGZ98,Mortierellaceae_MLST
Mortierella globulifera,REB-010B,BCCPT,SAMN05720531,PRJNA340846,SRS1932010,BGZ99,Mortierellaceae_MLST
Mortierella horticola,AD009,BCCTN,SAMN05720532,PRJNA340847,SRS1930870,BG000,Mortierellaceae_MLST
Mortierella horticola,CK413,BCCHB,SAMN05720445,PRJNA340850,SRS1930925,BG003,Mortierellaceae_MLST
Mortierella humilis,KOD 1050,BCCTA,SAMN05720536,PRJNA340851,SRS1932034,BG004,Mortierellaceae_MLST
Mortierella hygrophila,NRRL 2591,CTHUY,SAMN10361082,PRJNA499664,SRS4288478,EC957,ZygoLCG
Mortierella isabellina,NRRL A-11333,GAUZH,SAMN11510677,PRJNA536134,SRS5119186,FBW87,ZygoLCG
Mortierella isabellina,NRRL A-12504,GAUZN,SAMN11510678,PRJNA536135,SRS5119185,FBW88,ZygoLCG
Mortierella minutissima,AD069,BCCNO,SAMN05720476,PRJNA340852,SRS1930900,BG005,Mortierellaceae_MLST
Mortierella minutissima,NVP1,BCCNS,SAMN05720446,PRJNA340853,SRS1931038,BG006,Mortierellaceae_MLST
Mortierella multidivaricata,NRRL 6456,BCCTY,SAMN05720499,PRJNA340801,SRS1932111,BGZ54,Mortierellaceae_MLST
Mortierella parvispora,AD039,BCCHT,SAMN05720480,PRJNA340856,SRS1930901,BG009,Mortierellaceae_MLST
Mortierella polycephala,KOD 948,BCCOA,SAMN05720452,PRJNA340858,SRS1932030,BG011,Mortierellaceae_MLST
Mortierella polygonia,AM948,BCCNG,SAMN05720481,PRJNA340860,SRS1930922,BG012,Mortierellaceae_MLST
Mortierella ramannianavar.autotrophica,NRRL 5843T,GBNUA,SAMN10361082,PRJNA499664,SRS4288478,EC957,ZygoLCG
Mortierella schmuckeri,NRRL 6426,BCCPP,SAMN05720483,PRJNA340863,SRS1932110,BG015,Mortierellaceae_MLST
Mortierella selenospora,KOD 1015,BCCSO,SAMN05720454,PRJNA340476,SRS1932018,BGW38,Mortierellaceae_MLST
Mortierella sp.,AD010,BCCTO,SAMN05720791,PRJNA340560,SRS1930868,BGX20,Mortierellaceae_MLST
Mortierella sp.,AD011,BCCTP,SAMN05720798,PRJNA340561,SRS1930878,BGX21,Mortierellaceae_MLST
Mortierella sp.,AD031,BCCNB,SAMN05720799,PRJNA340563,SRS1930905,BGX23,Mortierellaceae_MLST
Mortierella sp.,AD032,BCCNC,SAMN05720491,PRJNA340564,SRS1930904,BGX24,Mortierellaceae_MLST
Mortierella sp.,AD094,BCCTB,SAMN05720438,PRJNA340566,SRS1930916,BGX26,Mortierellaceae_MLST
Mortierella sp.,AM989,BCCNN,SAMN05720439,PRJNA340567,SRS1930923,BGX27,Mortierellaceae_MLST
Mortierella sp.,GBA30,BCCHG,SAMN05720448,PRJNA340568,SRS1930929,BGX28,Mortierellaceae_MLST
Mortierella sp.,GBA35,BCCHO,SAMN05720449,PRJNA340569,SRS1931034,BGX29,Mortierellaceae_MLST
Mortierella sp.,GBA39,BCCOO,SAMN05720493,PRJNA340570,SRS1931037,BGX30,Mortierellaceae_MLST
Mortierella sp.,GBA43,BCCON,SAMN05720494,PRJNA340571,SRS1931040,BGX31,Mortierellaceae_MLST
Mortierella sp.,NVP41,BCCNU,SAMN05720450,PRJNA340573,SRS1931042,BGX33,Mortierellaceae_MLST
Mortierella sp.,NVP85,BCCOG,SAMN05720496,PRJNA340574,SRS1932012,BGX34,Mortierellaceae_MLST
Mortierella sp.,14UC,BCCSU,SAMN05720455,PRJNA340477,SRS1932138,BGW39,Mortierellaceae_MLST
Mortierella sp.,KOD 1030,BCCST,SAMN05720520,PRJNA340821,SRS1932023,BGZ74,ZygoLCG_Misnamed
Mortierella verticillata,AD079,BCCSZ,SAMN07687489,PRJNA410321,SRS2661950,CPB97,Mortierellaceae_MLST
Mortierella verticillata,NRRL 2611,BCCPA,SAMN05720458,PRJNA340806,SRS1932009,BGZ59,Mortierellaceae_MLST
Mortierella verticillata,TTC192,BCCOS,SAMN07687234,PRJNA410574,SRS2661948,CPC16,Mortierellaceae_MLST
Mortierella wolfii,NRRL 6351,BCCPN,SAMN05720777,PRJNA340479,SRS1932106,BGW41,Mortierellaceae_MLST
Mortierella wolfii,NRRL 66265,BCCTZ,SAMN05720778,PRJNA340481,SRS1932107,BGW42,Mortierellaceae_MLST
Mortierella zychae,NRRL 2592,CTHWB,SAMN10361244,PRJNA499697,SRS4289355,EC991,Mortierellaceae_MLST
Mortierella zychae,PUST F9C,GBNUC,SAMN11510820,PRJNA535811,SRS5393869,FBU30,Mortierellaceae_MLST
Absidia blakesleeana,NRRL 1300,CTHPA,SAMN10363164,PRJNA500524,SRS4093122,EDD06,ZygoLCG
Absidia blakesleeana,NRRL 1301,CTHPB,SAMN10363194,PRJNA500525,SRS4093141,EDD07,ZygoLCG
Absidia caerulea,RSA 138_Plus,GBNUY,SAMN11493356,PRJNA535039,SRS5392554,FBN30,ZygoLCG
Absidia caerulea,RSA 138-,GBNUX,SAMN11493356,PRJNA535039,SRS5392554,FBN30,ZygoLCG
Absidia californica,NRRL 2709,CTHPU,SAMN10361471,PRJNA499665,SRS4286156,EC959,ZygoLCG
Absidia californica,NRRL 2967,CTHSN,SAMN13170688,PRJNA585273,,GGT68,ZygoLCG
Absidia coerulea,NRRL 1310,CTHPC,SAMN10363195,PRJNA500526,SRS4093132,EDD08,ZygoLCG
Absidia coerulea,NRRL 1313,CTHPG,SAMN10363165,PRJNA500527,SRS4093104,EDD09,ZygoLCG
Absidia coerulea,NRRL 1314,CTHPH,SAMN10363196,PRJNA500528,SRS4093137,EDD10,ZygoLCG
Absidia coerulea,NRRL 5926,CTHPO,SAMN13170812,PRJNA585274,,GGT69,ZygoLCG
Absidia coerulea,NRRL A-26290,CTHPW,SAMN10361223,PRJNA499681,SRS4286157,EC975,ZygoLCG
Absidia coerulea,NRRL A-9483,CTHSA,SAMN10361224,PRJNA499682,SRS4286155,EC976,ZygoLCG
Absidia corymbifera Cohn Saccardo Trotter,NRRL 1334,GAUUC,SAMN11510243,PRJNA536229,SRS5128314,FBX82,ZygoLCG
Absidia corymbifera,NRRL 2798,CTHPS,SAMN13170811,PRJNA585272,,GGT67,ZygoLCG
Absidia corymbifera,NRRL 2982,CWSAZ,SAMN11512116,PRJNA537979,SRS4736025,FB407,ZygoLCG
Absidia cuneospora,RSA 623_Plus,GBNUZ,SAMN11510655,PRJNA535831,SRS5392973,FBU52,ZygoLCG
Absidia cuneospora,RSA 624-,GBNWA,SAMN11510659,PRJNA535835,SRS5392978,FBU57,ZygoLCG
Absidia cylindrospora,NRRL 1341,CTHSC,SAMN10361447,PRJNA499646,SRS4286246,EC939,ZygoLCG
Absidia cylindrospora,NRRL 1343,CUPYN,SAMN10864346,PRJNA518916,SRS4604279,EVY04,ZygoLCG
Absidia cylindrospora,NRRL 1345,CTHPY,SAMN10361448,PRJNA499647,SRS4286160,EC940,ZygoLCG
Absidia cylindrospora,NRRL 13891,CTHPZ,SAMN10361079,PRJNA499659,SRS4286159,EC952,ZygoLCG
Absidia cylindrospora,NRRL 3069,CTHSG,SAMN10361215,PRJNA499668,SRS4286252,EC962,ZygoLCG
Absidia cylindrospora var. cylindrospora,NRRL 2796,CTHPT,SAMN10361575,PRJNA499687,SRS4286158,EC981,ZygoLCG
Absidia cylindrospora var. nigra,NRRL 3031,CTHSS,SAMN10361226,PRJNA499689,SRS4286254,EC983,ZygoLCG
Absidia dubia,NRRL 1322,CUPYO,SAMN10872457,PRJNA518915,SRS4604567,EVY03,ZygoLCG
Absidia glauca,NRRL 1327,CTHSB,SAMN10361445,PRJNA499644,SRS4286191,EC937,ZygoLCG
Absidia hyalospora,NRRL 1330,GAUUH,SAMN11510244,PRJNA536230,SRS5128315,FBX83,ZygoLCG
Absidia inflata,NRRL 6591,CUPYP,SAMN10872474,PRJNA519280,SRS4604623,EV167,ZygoLCG
Absidia macrospora,NRRL 5839,CTHPP,SAMN10361473,PRJNA499670,SRS4286146,EC964,ZygoLCG
Absidia pseudocylindrospora,NRRL 2984,GBNSZ,SAMN11510674,PRJNA536127,SRS5362790,FBW80,ZygoLCG
Absidia sp.,NRRL A-16789,GAWAN,SAMN11533291,PRJNA536129,SRS5119276,FBW82,ZygoLCG
Absidia spinosa,NRRL A-13651,CTHSP,SAMN10361474,PRJNA499677,SRS4286247,EC971,ZygoLCG
Absidia spinosa var. azygospora,NRRL 2841,CTHSH,SAMN10361574,PRJNA499686,SRS4286255,EC980,ZygoLCG
Absidia spinosavar var. biappendiculata,NRRL 3033,GBNSY,SAMN11510665,PRJNA536117,SRS5362789,FBW70,ZygoLCG
Absidia zychae,NRRL A-23515,CTHPX,SAMN10361222,PRJNA499680,SRS4286163,EC974,ZygoLCG
Actinomucor elegans,NRRL 1706,NRRL1706,,,,,UCR
Actinomucor sp.,NRRL A-23671,GAWGC,SAMN11533292,PRJNA535673,SRS5126456,FBU17,ZygoLCG
Amylomyces rouxii,NRRL 3160,GPOXN,SAMN14512001,PRJNA619719,,HDU72,ZygoLCG
Amylomyces rouxii,NRRL 5192,GPOXO,SAMN14512101,PRJNA619720,,HDU73,ZygoLCG
Amylomyces rouxii,NRRL A-25885,GPOXH,SAMN14512102,PRJNA619721,,HDU74,ZygoLCG
Amylomyces rouxii,NRRL A-26221,GPOXP,SAMN14511784,PRJNA619722,,HDU75,ZygoLCG
Apophysomyces ossiformis,NRRL A-21654,CTHST,SAMN10361476,PRJNA499679,SRS4286250,EC973,ZygoLCG
Apophysomyces sp.,BC1021,CHXXC,SAMN09083213,PRJNA463336,SRS3664049,DFQ29,ZygoLCG
Apophysomyces sp.,BC1034,CHXXG,SAMN09083216,PRJNA463335,SRS3664050,DFQ28,ZygoLCG
Apophysomyces sp.,BC1015,CHXXB,SAMN09083227,PRJNA463337,SRS3664048,DFQ30,ZygoLCG
Backusella circina,NRRL 2446,CTHSX,SAMN02199390,PRJNA196083,SRS441317,K501,ZygoLCG
Backusella circina,NRRL A-17781,CTHSU,SAMN10361475,PRJNA499678,SRS4286251,EC972,ZygoLCG
Backusella lamprospora,NRRL 1401,CTHSW,SAMN10361479,PRJNA499660,SRS4286249,EC953,ZygoLCG
Backusella lamprospora,NRRL 6044_Plus,GBNWB,SAMN10361479,PRJNA499660,SRS4286249,EC953,ZygoLCG
Benjaminiella youngii,IMI 325629,CHXXZ,SAMN09062785,PRJNA455970,SRS3664062,DER81,ZygoLCG
Blakeslea trispora,NRRL 2456,CTHSY,SAMN05444963,PRJNA334931,SRS1914411,BD560,ZygoLCG
Chaetocladium brefeldii,NRRL 1350,COZTY,SAMN10362882,PRJNA500295,SRS4247320,EDC11,ZygoLCG
Chaetocladium brefeldii,RSA 1136-,GBNWZ,SAMN11510670,PRJNA536122,SRS5392977,FBW75,ZygoLCG
Chaetocladium brefeldii Tieghem Le Monnier,NRRL 2509,GAUZO,SAMN11528550,PRJNA538876,SRR9712399,FB644,ZygoLCG
Chaetocladium jonesii,RSA 772,GPGAH,SAMN13165456,PRJNA581159,,GGF33,ZygoLCG
Choanephora circinans,NRRL 2546,GBNUG,SAMN11510673,PRJNA536126,SRS5392979,FBW79,ZygoLCG
Circinella angarensis,NRRL 1594,CTHTS,SAMN10361080,PRJNA499661,SRS4286878,EC954,ZygoLCG
Circinella angarensis,NRRL 2410,CUPYS,SAMN10864726,PRJNA519278,SRS4604612,EV165,ZygoLCG
Circinella angarensis,RSA 198_Plus,GBNTO,SAMN11510829,PRJNA535824,SRS5392980,FBU45,ZygoLCG
Circinella angarensis,RSA 618-,GBNTP,SAMN11510831,PRJNA535826,SRS5392974,FBU47,ZygoLCG
Circinella chinensis,CBS 150.53,CHXXT,SAMN09062758,PRJNA455974,SRS3664058,DER85,ZygoLCG
Circinella chinensis,NRRL 2415,CTHTX,SAMN10361081,PRJNA499662,SRS4287285,EC955,ZygoLCG
Circinella minor,CBS 143.56,CHXXS,SAMN09062759,PRJNA455975,SRS3664056,DER86,ZygoLCG
Circinella minor,NRRL 1365,CTHTH,SAMN10361467,PRJNA499656,SRS4286874,EC949,ZygoLCG
Circinella mucoroides,NRRL 1354,CUPYT,SAMN10864746,PRJNA519264,SRS4604625,EV151,ZygoLCG
Circinella muscae,CBS 107.13T,GBNUP,SAMN11510818,PRJNA535808,SRS5392559,FBU26,ZygoLCG
Circinella muscae,NRRL 1352,CTHTN,SAMN10361449,PRJNA499648,SRS4286872,EC941,ZygoLCG
Circinella muscae,NRRL 1355,CTHTA,SAMN10361450,PRJNA499649,SRS4286780,EC942,ZygoLCG
Circinella muscae,NRRL 1356,CTHTP,SAMN10361451,PRJNA499650,SRS4286880,EC943,ZygoLCG
Circinella muscae,NRRL 1357,CTHTG,SAMN10361452,PRJNA499651,SRS4286876,EC944,ZygoLCG
Circinella muscae,NRRL 1360,CTHTC,SAMN10361077,PRJNA499652,SRS4286873,EC945,ZygoLCG
Circinella muscae,NRRL 1362,CTHTO,SAMN10361078,PRJNA499653,SRS4286875,EC946,ZygoLCG
Circinella muscae,NRRL 1363,CTHTU,SAMN10361453,PRJNA499654,SRS4286877,EC947,ZygoLCG
Circinella muscae,NRRL 1364,CTHSZ,SAMN10361466,PRJNA499655,SRS4286783,EC948,ZygoLCG
Circinella muscae,NRRL 1367,CTHTT,SAMN10361469,PRJNA499658,SRS4286879,EC951,ZygoLCG
Circinella muscae,NRRL 2403,CTHTW,SAMN13170865,PRJNA585271,,GGT66,ZygoLCG
Circinella rigida,NRRL 2341,CUPYU,SAMN10864750,PRJNA519268,SRS4604581,EV155,ZygoLCG
Circinella simplex,CBS 142.35,CHXXP,SAMN09062760,PRJNA455976,SRS3664053,DER87,ZygoLCG
Circinella simplex van Tieghem,NRRL 2407,GAUXH,,,,,ZygoLCG
Circinella tenella,NRRL A-23557,GAWGA,SAMN11532699,PRJNA536130,SRS5126461,FBW83,ZygoLCG
Circinella umbellata,NRRL 1366,CTHTB,SAMN10361468,PRJNA499657,SRS4286811,EC950,ZygoLCG
Circinella umbellata,RSA 505_Plus,GBNWH,SAMN11493360,PRJNA535048,SRS5392975,FBN40,ZygoLCG
Circinomucor circinelloides,NRRL 22899,GBNSC,SAMN11532043,PRJNA538880,SRS5392971,FB648,ZygoLCG
Cunninghamella antarctica,NRRL 6534,CHXZC,SAMN09062779,PRJNA455964,SRS3664232,DER75,ZygoLCG
Cunninghamella bertholletiae,NRRL 1376,GAWNA,SAMN11510189,PRJNA535674,SRS5128533,FBU18,ZygoLCG
Cunninghamella bertholletiae,NRRL 1377,GAWGP,SAMN11510200,PRJNA535675,SRS5126949,FBU19,ZygoLCG
Cunninghamella bertholletiae,NRRL 1380,GAWCH,SAMN11510201,PRJNA535676,SRS5124885,FBU20,ZygoLCG
Cunninghamella brunnea,NRRL 6143,CHXZB,SAMN09074675,PRJNA463342,SRS3664167,DFQ35,ZygoLCG
Cunninghamella echinulata,NRRL 1384,GAWNC,SAMN11532227,PRJNA538864,SRS5128674,FB632,ZygoLCG
Cunninghamella echinulata,NRRL 1385,GAWGS,SAMN11510202,PRJNA536154,SRS5127877,FBX07,ZygoLCG
Cunninghamella echinulata,NRRL 1386,GAWHZ,SAMN11532711,PRJNA538870,SRS5128518,FB638,ZygoLCG
Cunninghamella echinulata,NRRL 1387,GAWHN,SAMN11510238,PRJNA536221,SRS5128964,FBX74,ZygoLCG
Cunninghamella echinulata,RSA 2017_Plus,GBNWU,SAMN11493359,PRJNA535046,SRS5392553,FBN38,ZygoLCG
Cunninghamella echinulata,RSA 2018-,GBNWW,SAMN11510675,PRJNA536128,SRS5392556,FBW81,ZygoLCG
Cunninghamella elegans,NRRL 1388,GAWGU,SAMN11510203,PRJNA536155,SRS5127890,FBX08,ZygoLCG
Cunninghamella elegans,NRRL 1390,GAWGW,SAMN11510204,PRJNA536156,SRS5127892,FBX09,ZygoLCG
Cunninghamella elegans,NRRL 1391,GAWGX,SAMN11510205,PRJNA536157,SRS5127902,FBX10,ZygoLCG
Cunninghamella elegans,NRRL 1392,GAWGT,SAMN11510206,PRJNA536158,SRS5127889,FBX11,ZygoLCG
Cunninghamella elegans,NRRL 1393,GAWGZ,SAMN11510207,PRJNA536159,SRS5127904,FBX12,ZygoLCG
Cunninghamella sp.,NRRL A-21238,GAWHO,SAMN11532222,PRJNA536160,SRS5128516,FBX13,ZygoLCG
Cunninghamella sp.,NRRL A-21271,GAWHX,SAMN11532702,PRJNA536161,SRS5128521,FBX14,ZygoLCG
Densosporaceae sp.,MVC-580,MVC_580,,,,,ZygoLCG
Dichotomocladium elegans,NRRL 2754,CTHUB,SAMN10361472,PRJNA499666,SRS4287284,EC960,ZygoLCG
Dichotomocladium hesseltinei,NRRL 2912T,GBNUW,SAMN11510680,PRJNA535814,SRS5393849,FBU34,ZygoLCG
Dichotomocladium robustum,RSA 1342,GBNUO,SAMN11510658,PRJNA535834,SRS5393850,FBU55,ZygoLCG
Dichotomocladium sphaerosporum,NRRL 22118,GBNSB,SAMN11510825,PRJNA535819,SRS5393848,FBU40,ZygoLCG
Dicranophora fulva,NRRL 22204,GPGAC,SAMN13166134,PRJNA581160,,GGF34,ZygoLCG
Ellisomyces anomalus,NRRL 2465_Plus-T,GBNWX,,,,,ZygoLCG
Ellisomyces anomalus,RSA 581-,GBNWY,SAMN11510681,PRJNA535828,SRS5393858,FBU49,ZygoLCG
Fennellomyces heterothallicus,RSA 2348,COZUC,SAMN10362773,PRJNA500291,SRS4247324,EDC07,ZygoLCG
Fennellomyces linderi,NRRL 2342T,GBNUU,SAMN11532044,PRJNA538881,SRS5393847,FB649,ZygoLCG
Fennellomyces mexicanussp.nov.,RSA 1415_Plus,GBNTS,SAMN09083442,PRJNA455962,SRS3664229,DER73,ZygoLCG
Fennellomyces mexicanussp.nov.,RSA 1418-,GBNTT,SAMN11532047,PRJNA535816,SRS5393846,FBU36,ZygoLCG
Fennellomyces verticellatus,RSA 2442_Plus,GBNUN,SAMN09083442,PRJNA455962,SRS3664229,DER73,ZygoLCG
Fennellomyces verticellatus,RSA 2446,CHXZO,SAMN09083442,PRJNA455962,SRS3664229,DER73,ZygoLCG
Gilbertella persicaria Eddy_Hesseltine,NRRL A-13613,GAUZP,SAMN11510208,PRJNA536162,SRS5119187,FBX15,ZygoLCG
Gilbertella persicariavar.indica,CBS 442.64-,GBNTN,SAMN11510822,PRJNA535813,SRS5393855,FBU33,ZygoLCG
Gilbertella persicariavar.persicaria,CBS 190.32-T,GBNWN,,,,,ZygoLCG
Gilbertella persicariavar.persicaria,CBS 246.59_Plus,GBNWO,SAMN07621763,PRJNA403689,SRS2529932,,ZygoLCG
Gongronella butleri,NRRL 1340,GAWNG,SAMN11510246,PRJNA536232,SRS5128705,FBX85,ZygoLCG
Gongronella butleri,NRRL A-23795,GAWGG,SAMN11510209,PRJNA536163,SRS5126470,FBX16,ZygoLCG
Gongronella butleri,NRRL A-9978,CTHUG,SAMN10361478,PRJNA499684,SRS4287302,EC978,ZygoLCG
Helicostylum lucknowense,NRRL 2892,GAUXZ,SAMN06266923,PRJNA366635,SRS5128517,BYT41,ZygoLCG
Helicostylum lucknowense,NRRL A-16732,GAWHU,SAMN11510676,PRJNA536132,SRS5128517,FBW85,ZygoLCG
Helicostylum pulchrum,RSA 2065,GBNSN,SAMN11510682,PRJNA535829,SRS5393853,FBU50,ZygoLCG
Helicostylum sp.,NRRL 1397,GAWHT,SAMN11566822,PRJNA536133,SRS5128514,FBW86,ZygoLCG
Lichtheimia corymbifera,NRRL 1592,CTHUP,SAMN13170810,PRJNA585270,,GGT65,ZygoLCG
Lichtheimia corymbifera,NRRL 2981,CTHUH,SAMN10361214,PRJNA499667,SRS4287303,EC961,ZygoLCG
Lichtheimia corymbifera,NRRL 6379,CTHUT,SAMN10361217,PRJNA499672,SRS4287649,EC966,ZygoLCG
Lichtheimia corymbifera,NRRL A-11155,CTHUU,SAMN10361221,PRJNA499676,SRS4287650,EC970,ZygoLCG
Lichtheimia hyalospora,NRRL 1305,CTHUO,SAMN10361578,PRJNA499696,SRS4287647,EC990,ZygoLCG
Lichtheimia ramosa,NRRL 1335,CTHUW,SAMN10361446,PRJNA499645,SRS4287648,EC938,ZygoLCG
Lichtheimia ramosa,NRRL 3208,CTHUN,SAMN10361216,PRJNA499669,SRS4287301,EC963,ZygoLCG
Lichtheimia sphaerocystis,NRRL 6380,CTHUS,SAMN10361218,PRJNA499673,SRS4287646,EC967,ZygoLCG
Mortierella ovata,NRRL 13128,CWSCU,SAMN11512125,PRJNA537992,SRS5069345,FB420,ZygoLCG
Mortierella ovata Yip,NRRL 13127,GAUUO,SAMN11532225,PRJNA538861,SRS5128317,FB629,ZygoLCG
Mucor aligarensis,NRRL 3099,CUPYW,SAMN10864727,PRJNA519282,SRS4604624,EV169,ZygoLCG
Mucor alternans,NRRL A-15142,GAWBB,SAMN11532036,PRJNA536136,SRS5119660,FBW89,ZygoLCG
Mucor alternans,NRRL A-16397,GAWBH,SAMN11533437,PRJNA536137,SRS5121422,FBW90,ZygoLCG
Mucor aromaticus,NRRL A-17745,GAWBT,SAMN11532813,PRJNA536138,SRS5122892,FBW91,ZygoLCG
Mucor azygosporus Benjamin,NRRL 3068,GAUXN,SAMN11510240,PRJNA536224,SRS5128387,FBX77,ZygoLCG
Mucor brunneus,NRRL 2351,GAWBY,SAMN11510172,PRJNA536139,SRS5123035,FBW92,ZygoLCG
Mucor caninus,NRRL A-12555,GAWAB,SAMN11528544,PRJNA536140,SRS5119265,FBW93,ZygoLCG
Mucor circinelloides,NRRL A-25893,GAWCS,SAMN11510210,PRJNA536164,SRS5126123,FBX17,ZygoLCG
Mucor circinelloides f. circinelloides,NRRL 3614,GBNPZ,SAMN11493362,PRJNA535052,SRS5393873,FBN45,ZygoLCG
Mucor circinelloides f. griseocyanus,NRRL 3621,CHXYW,SAMN09062782,PRJNA455967,SRS3664120,DER78,ZygoLCG
Mucor circinelloides f. janssenii,NRRL 2404,GAWBW,,,,,ZygoLCG
Mucor circinelloides f. lusitanicus,NRRL 3629,CUPYX,SAMN10864747,PRJNA519265,SRS4604643,EV152,ZygoLCG
Mucor corticolus,NRRL A-16258,GAWAT,SAMN11510173,PRJNA536141,SRS5119589,FBW94,ZygoLCG
Mucor ctenidius,NRRL 2929T,GBNUB,SAMN11510657,PRJNA535833,SRS5393865,FBU54,ZygoLCG
Mucor dispersus,NRRL 6039,CWSCB,SAMN11528543,PRJNA537986,SRS4736448,FB414,ZygoLCG
Mucor dispersus,NRRL 6045,GAUYN,SAMN11528545,PRJNA535091,SRS5128488,FBN85,ZygoLCG
Mucor dispersus,NRRL 6046,GAUXO,SAMN11533300,PRJNA535093,SRS5128397,FBN87,ZygoLCG
Mucor foenicola,NRRL A-10991,CUPYY,SAMN10878327,PRJNA519276,SRS4604651,EV163,ZygoLCG
Mucor fragilis,NRRL 2569,CUPYZ,SAMN10864753,PRJNA519275,SRS4604652,EV162,ZygoLCG
Mucor fragilis,NRRL A-16026,GAWAY,SAMN11510211,PRJNA536165,SRS5119650,FBX18,ZygoLCG
Mucor genevensis,NRRL 1756,GAWCC,SAMN11510212,PRJNA536166,SRS5124884,FBX19,ZygoLCG
Mucor genevensis,NRRL 1821,CHXYH,SAMN09074667,PRJNA463326,SRS3664065,DFQ21,ZygoLCG
Mucor genevensis,NRRL 3101,CWSBA,SAMN11511984,PRJNA537136,SRS4736044,FB110,ZygoLCG
Mucor genevensis,NRRL A-17770,GAWBP,SAMN11510213,PRJNA536167,SRS5122604,FBX20,ZygoLCG
Mucor globosus Fischer,NRRL 1759,GAWCU,SAMN11532814,PRJNA538865,SRS5126261,FB633,ZygoLCG
Mucor globosus,NRRL 1436,CHXZU,SAMN09083226,PRJNA463331,SRS3664237,DFQ24,ZygoLCG
Mucor globosus,NRRL A-28295,GAWCB,SAMN11510214,PRJNA536168,SRS5123079,FBX21,ZygoLCG
Mucor griseo-ochraceus var. minuta,NRRL 3246,CUPZA,SAMN10872735,PRJNA519283,SRS4604648,EV170,ZygoLCG
Mucor heterosporus,NRRL 3154,CUPZB,SAMN10872738,PRJNA519284,SRS4604650,EV171,ZygoLCG
Mucor hiemalis,NRRL 2349,GAWCG,SAMN11510190,PRJNA536169,SRS5124887,FBX22,ZygoLCG
Mucor hiemalis,NRRL A-11532,GAUZY,SAMN11510215,PRJNA536170,SRS5119202,FBX23,ZygoLCG
Mucor hiemalis,NRRL A-16027,GAUYP,SAMN11510216,PRJNA536171,SRS5128503,FBX24,ZygoLCG
Mucor hiemalis,NRRL A-28298,GAUWZ,SAMN11510217,PRJNA536172,SRS5128511,FBX25,ZygoLCG
Mucor hiemalis f. corticola,NRRL 3617,CHXYU,SAMN09074679,PRJNA463347,SRS3664068,DFQ40,ZygoLCG
Mucor hiemalis f. hiemalis,NRRL 1743,GAWBN,SAMN11532230,PRJNA538879,SRS5121448,FB647,ZygoLCG
Mucor hiemalis f. hiemalis,NRRL 3624,CHXYX,SAMN09074666,PRJNA463325,SRS3664139,DFQ20,ZygoLCG
Mucor hiemalis f. luteus,NRRL 3633,CHXZW,SAMN09062781,PRJNA455966,SRS3664236,DER77,ZygoLCG
Mucor hiemalis f. silvaticus,NRRL 3643,CHXYY,SAMN09062780,PRJNA455965,SRS3664121,DER76,ZygoLCG
Mucor inaequisporus,NRRL 3626,GBNST,SAMN11493301,PRJNA535079,SRS5393875,FBN73,ZygoLCG
Mucor indicus Lendner,NRRL 13132,GAUTW,SAMN11493472,PRJNA535081,SRS5128177,FBN75,ZygoLCG
Mucor indicus Lendner,NRRL 13468,GAUSC,SAMN11493354,PRJNA535027,SRS5128179,FBN18,ZygoLCG
Mucor indicus,NRRL 555,CUPZC,SAMN10864748,PRJNA519266,SRS4604649,EV153,ZygoLCG
Mucor intermedius,NRRL 6588T,GBNPW,SAMN11533294,PRJNA535821,SRS5393867,FBU42,ZygoLCG
Mucor javanicus,NRRL A-17643,GAWAP,SAMN11510218,PRJNA536173,SRS5119277,FBX26,ZygoLCG
Mucor lamprosporus,NRRL 6040,GAUYH,SAMN11532232,PRJNA535033,SRS5128487,FBN24,ZygoLCG
Mucor lamprosporus,NRRL 6048,CWSCC,SAMN11532714,PRJNA537987,SRS5069332,FB415,ZygoLCG
Mucor lamprosporus,NRRL 6049,GAUYB,SAMN11532231,PRJNA534998,SRS5128485,FBM86,ZygoLCG
Mucor lamprosporus,NRRL_6037,CWSCA,SAMN11533290,PRJNA537985,SRS4736301,FB413,ZygoLCG
Mucor laxorrhizus,NRRL 2814,CUPZG,SAMN10864724,PRJNA519271,SRS4604653,EV158,ZygoLCG
Mucor luteus,NRRL 2865,COZUA,SAMN10362775,PRJNA500293,SRS4247323,EDC09,ZygoLCG
Mucor luteus var. indica,NRRL 3245,CHXZX,SAMN09074676,PRJNA463344,SRS3664238,DFQ37,ZygoLCG
Mucor maequisporus var. kaki,NRRL 3295,CWSBB,SAMN11533436,PRJNA537980,SRS5069311,FB408,ZygoLCG
Mucor miehei,NRRL 5283,GAUTX,SAMN11510254,PRJNA536242,SRS5128303,FBX95,ZygoLCG
Mucor miehei,NRRL 5902,GAUUN,SAMN11493333,PRJNA535013,SRS5128321,FBN02,ZygoLCG
Mucor mousanensis,NRRL 3105,CHXYT,SAMN09062783,PRJNA455968,SRS3664119,DER79,ZygoLCG
Mucor mucedo Linnaeus Fresenius,NRRL A-13277,GAUXY,,,,,ZygoLCG
Mucor nidicola,NRRL 54520,CHXZA,SAMN09074665,PRJNA463324,SRS3664146,DFQ19,ZygoLCG
Mucor oblongisporus var. macrosporus,NRRL 1574,CHXYC,SAMN09074669,PRJNA463328,SRS3664063,DFQ23,ZygoLCG
Mucor oblongisporus var. macrosporus,NRRL 1589,GAWBO,SAMN11510185,PRJNA536142,SRS5122019,FBW95,ZygoLCG
Mucor odoratus,NRRL 3064,CHXYS,SAMN09062784,PRJNA455969,SRS3664067,DER80,ZygoLCG
Mucor pakistanicus,NRRL 6589,CUPZH,SAMN10872473,PRJNA519279,SRS4604669,EV166,ZygoLCG
Mucor petrinsularis var. echinosporus,NRRL 3141,CUPZN,SAMN10864751,PRJNA519273,SRS4604693,EV160,ZygoLCG
Mucor petrinsularis var. ovalisporus,NRRL 2536,CUPZO,SAMN10864723,PRJNA519270,SRS4604692,EV157,ZygoLCG
Mucor philippovi,NRRL 3036,CHXYP,SAMN09074677,PRJNA463345,SRS3664066,DFQ38,ZygoLCG
Mucor piriformis,NRRL 3637,GBNTZ,SAMN11510668,PRJNA536120,SRS5393868,FBW73,ZygoLCG
Mucor plasmaticus,NRRL 2708,GBNSS,SAMN11532713,PRJNA538884,SRS5393870,FB652,ZygoLCG
Mucor plumbeus,,GBNXC,SAMN11510191,PRJNA536175,SRS5128506,FBX28,ZygoLCG
Mucor plumbeus,NRRL 2353,GAUYW,SAMN11510191,PRJNA536175,SRS5128506,FBX28,ZygoLCG
Mucor pusillus Lindt,NRRL 3470,GAUSH,SAMN11510241,PRJNA536225,SRS5128180,FBX78,ZygoLCG
Mucor pusillus Lindt,NRRL A-16035,GAUYU,SAMN11493328,PRJNA535000,SRS5128508,FBM89,ZygoLCG
Mucor pusillus,NRRL 5893,GAUZT,SAMN11493330,PRJNA535005,SRS5119189,FBM94,ZygoLCG
Mucor pusillus,NRRL A-13674,GAUWY,SAMN11510175,PRJNA536144,SRS5128489,FBW97,ZygoLCG
Mucor pusillus,NRRL A-14037,GAWHW,SAMN11510186,PRJNA536145,SRS5128519,FBW98,ZygoLCG
Mucor racemosus Fresenius,NRRL 1504,GAWBZ,SAMN11510221,PRJNA536177,SRS5123036,FBX30,ZygoLCG
Mucor racemosus Fresenius,NRRL 1608,GAWBU,SAMN11510223,PRJNA536178,SRS5122934,FBX31,ZygoLCG
Mucor racemosus Fresenius,NRRL 1622,GAWHG,SAMN11510224,PRJNA536179,SRS5118075,FBX32,ZygoLCG
Mucor racemosus Fresenius,NRRL 1688,GAUZG,SAMN11510225,PRJNA536180,SRS5118745,FBX33,ZygoLCG
Mucor racemosus Fresenius,NRRL 1994,GAWHS,SAMN11510252,PRJNA536240,SRS5128513,FBX93,ZygoLCG
Mucor racemosus Fresenius,NRRL A-11534,GAUYT,,,,,ZygoLCG
Mucor racemosus Fresenius,NRRL A-19185,GAWAA,SAMN11510226,PRJNA536181,SRS5119264,FBX34,ZygoLCG
Mucor racemosus Fresenius,NRRL A-19189,GAWAO,SAMN11510227,PRJNA536182,SRS5119279,FBX35,ZygoLCG
Mucor racemosus,NRRL 1627,GAWCO,SAMN11510228,PRJNA536183,SRS5126128,FBX36,ZygoLCG
Mucor racemosus f. sphaerosporus,NRRL 3645,CHXYZ,SAMN09074678,PRJNA463346,SRS3664145,DFQ39,ZygoLCG
Mucor racemosus var. racemosus,NRRL 3641,GBNUH,SAMN11510669,PRJNA536121,SRS5393874,FBW74,ZygoLCG
Mucor ramannianus,NRRL 1839,GAWCN,SAMN11510176,PRJNA536146,SRS5124886,FBW99,ZygoLCG
Mucor ramannianus,NRRL A-21216,GAWAH,SAMN11510177,PRJNA536147,SRS5119278,FBX00,ZygoLCG
Mucor ramosissimus,NRRL 3042,CUPZP,SAMN10864756,PRJNA519286,SRS4604691,EV173,ZygoLCG
Mucor recurvus,NRRL 2358,CUPZS,SAMN10864752,PRJNA519274,SRS4604696,EV161,ZygoLCG
Mucor recurvus var. indicus,NRRL 3247,CUPZT,SAMN10864755,PRJNA519285,SRS4604694,EV172,ZygoLCG
Mucor rouxii Calmette Wehmer,NRRL 1894,GAWCA,,,,,ZygoLCG
Mucor saturninus,NRRL 2631,COZTZ,SAMN10362776,PRJNA500294,SRS4247322,EDC10,ZygoLCG
Mucor silvaticus,NRRL 1431,CHXYB,SAMN09074670,PRJNA463332,SRS3664061,DFQ25,ZygoLCG
Mucor sp.,NRRL A-14906,GAWAZ,SAMN11532703,PRJNA536184,SRS5119649,FBX37,ZygoLCG
Mucor sp.,NRRL A-17182,GAWAX,SAMN11533438,PRJNA536185,SRS5119591,FBX38,ZygoLCG
Mucor sp.,NRRL A-17797,GAWBC,SAMN11532704,PRJNA536186,SRS5121301,FBX39,ZygoLCG
Mucor sp.,NRRL A-18583,GAWBA,SAMN11532037,PRJNA536187,SRS5119659,FBX40,ZygoLCG
Mucor sp.,NRRL A-21230,GAWAW,SAMN11532223,PRJNA536188,SRS5119590,FBX41,ZygoLCG
Mucor sp.,NRRL A-21232,GAWCP,SAMN11532224,PRJNA536189,SRS5126129,FBX42,ZygoLCG
Mucor sp.,NRRL A-21236,GAWAU,SAMN11533293,PRJNA536190,SRS5119588,FBX43,ZygoLCG
Mucor sp.,NRRL A-25546,GAWBX,SAMN11533439,PRJNA536191,SRS5122935,FBX44,ZygoLCG
Mucor sp.,NRRL A-25547,GAUYO,SAMN11528546,PRJNA536192,SRS5128502,FBX45,ZygoLCG
Mucor sp.,NRRL A-25548,GAWAC,SAMN11532816,PRJNA536193,SRS5119267,FBX46,ZygoLCG
Mucor sp.,NRRL A-25783,GAWBG,SAMN11533440,PRJNA536194,SRS5121409,FBX47,ZygoLCG
Mucor sp.,NRRL A-25793,GAUXP,SAMN11532555,PRJNA536195,SRS5128442,FBX48,ZygoLCG
Mucor sp.,NRRL A-25970,GAWCT,SAMN11532817,PRJNA536196,SRS5126126,FBX49,ZygoLCG
Mucor sp.,NRRL A-26212,GAUZZ,SAMN11528549,PRJNA538868,SRS5119201,FB636,ZygoLCG
Mucor varians,NRRL 1760,CHXYG,SAMN09074668,PRJNA463327,SRS3664064,DFQ22,ZygoLCG
Mucor zychae var. zychae,NRRL 3243,CTHWG,SAMN10361576,PRJNA499690,SRS4289377,EC984,ZygoLCG
Mycocladus corymbifer,NRRL 1309,GAWCZ,SAMN11510245,PRJNA536231,SRS5126259,FBX84,ZygoLCG
Mycotypha microspora Fenner,NRRL 684,GAWCY,SAMN11510229,PRJNA536197,SRS5126289,FBX50,ZygoLCG
Mycotypha microspora Fenner,NRRL A-11005,GAWGB,SAMN11510230,PRJNA536198,SRS5126469,FBX51,ZygoLCG
Mycotypha microspora,IMI 282443,COZTX,SAMN10362883,PRJNA500296,SRS4247321,EDC12,ZygoLCG
Parasitella parasitica Bainier_Sydow,NRRL 1461,GAWGO,SAMN11510253,PRJNA536241,SRS5126669,FBX94,ZygoLCG
Parasitella simplex,NRRL 1460,GAWCX,SAMN11510178,PRJNA536148,SRS5126163,FBX01,ZygoLCG
Phycomyces blakesleeanus Burgeff,NRRL 1465,GAWGY,SAMN11510250,PRJNA536236,SRS5127903,FBX89,ZygoLCG
Phycomyces blakesleeanus Burgeff var. piloboloides,NRRL 2566,GAWAG,SAMN11533298,PRJNA538875,SRS5119266,FB643,ZygoLCG
Phycomyces theobromatus,NRRL 1467,CUPZU,SAMN10872461,PRJNA519262,SRS4604695,EV149,ZygoLCG
Pilaira anomala,RSA 1997_Plus,GBNWS,SAMN11493358,PRJNA535044,SRS5393877,FBN36,ZygoLCG
Pilaira anomala,RSA 1998-,GBNWT,SAMN11510666,PRJNA536118,SRS5393871,FBW71,ZygoLCG
Pilaira caucasica,CBS 523.68,CHXXW,SAMN09062786,PRJNA455972,SRS3664060,DER83,ZygoLCG
Pilaira caucasica Milko,NRRL 6282,GAWBS,SAMN09062786,PRJNA455972,SRS3664060,DER83,ZygoLCG
Pilaira moreaui,CBS 181.26,CHXXU,SAMN09062757,PRJNA455973,SRS3664057,DER84,ZygoLCG
Pirella circinans,RSA 622-,GBNTW,SAMN11510660,PRJNA535836,SRS5393878,FBU58,ZygoLCG
Pirella circinans,RSA 682,GBNTX,SAMN11510656,PRJNA535832,SRS5393876,FBU53,ZygoLCG
Pirella circinans var. volvogradensis,RSA 2566,CHXZP,SAMN09074680,PRJNA463348,SRS3664233,DFQ41,ZygoLCG
Pirella naumovii,IMI 133977,CHXXX,SAMN09062756,PRJNA455971,SRS3664059,DER82,ZygoLCG
Pirella reniformis,NRRL 5259,CHXZS,SAMN09083228,PRJNA463343,SRS3664234,DFQ36,ZygoLCG
Protomycocladus faisalabadensis,NRRL 22826,GBNPY,SAMN11510826,PRJNA535820,SRS5394093,FBU41,ZygoLCG
Radiomyces mexicana,RSA 1186,GPCYU,,,,,ZygoLCG
Rhizomucor pusillus,NRRL 2543,GBNTY,SAMN11528551,PRJNA538883,SRS5394098,FB651,ZygoLCG
Rhizopus acetoinus,NRRL 549,CWPYU,SAMN11532698,PRJNA537965,SRS4735030,FB393,ZygoLCG
Rhizopus acetoinus,NRRL 5833,GAUWP,SAMN11528548,PRJNA536227,SRS5128360,FBX80,ZygoLCG
Rhizopus americanus,NRRL 66675,CTHWN,SAMN10361220,PRJNA499675,SRS4289369,EC969,ZygoLCG
Rhizopus arrhizus,CBS 258.28,GPPAC,,,,,ZygoLCG
Rhizopus arrhizus,CBS 330.53,GPPAO,,,,,ZygoLCG
Rhizopus arrhizus,CBS 387.34,GPOZZ,,,,,ZygoLCG
Rhizopus arrhizus Fischer,NRRL 1527,GAUSB,SAMN11510179,PRJNA536149,SRS5128178,FBX02,ZygoLCG
Rhizopus arrhizus,IMI16641,GPOXX,,,,,ZygoLCG
Rhizopus arrhizus,IMI180966,GPOXY,,,,,ZygoLCG
Rhizopus arrhizus,IMI195599,GPPAX,,,,,ZygoLCG
Rhizopus arrhizus,IMI199624,GPPAY,,,,,ZygoLCG
Rhizopus arrhizus,IMI201247,GPOXW,,,,,ZygoLCG
Rhizopus arrhizus,IMI215407,GPOXU,,,,,ZygoLCG
Rhizopus arrhizus,IMI266680,GPPAZ,,,,,ZygoLCG
Rhizopus arrhizus,IMI53173,GPOXT,,,,,ZygoLCG
Rhizopus arrhizus,JCM 5580,GPPAS,SAMN14511895,PRJNA619765,,HDV18,ZygoLCG
Rhizopus arrhizus,NBRC 4735,GPPAN,,,,,ZygoLCG
Rhizopus arrhizus,NBRC 4770,GPOZY,,,,,ZygoLCG
Rhizopus arrhizus,NBRC 5318,GPOZX,,,,,ZygoLCG
Rhizopus arrhizus,NRRL 13014,CWSCS,SAMN11512124,PRJNA537991,SRS4736433,FB419,ZygoLCG
Rhizopus arrhizus,NRRL 1470,CWPYY,SAMN11512088,PRJNA537966,SRS4735572,FB394,ZygoLCG
Rhizopus arrhizus,NRRL 2004,CWSAG,SAMN11511980,PRJNA537974,SRS4735921,FB402,ZygoLCG
Rhizopus arrhizus,NRRL 2286,GAUWW,SAMN11533444,PRJNA538866,SRS5128365,FB634,ZygoLCG
Rhizopus arrhizus,NRRL 2582,CWSAP,SAMN11512090,PRJNA537976,SRS4735990,FB404,ZygoLCG
Rhizopus arrhizus,NRRL 5896,GAUWX,SAMN11493331,PRJNA535007,SRS5128366,FBM96,ZygoLCG
Rhizopus arrhizus,NRRL 5899,CWSBZ,SAMN11512120,PRJNA537984,SRS5069331,FB412,ZygoLCG
Rhizopus arrhizus,NRRL 66564,CWSGA,SAMN11512126,PRJNA537993,SRS5069349,FB421,ZygoLCG
Rhizopus arrhizus,NRRL 66565,GAUUU,SAMN11493309,PRJNA535100,SRS5128322,FBN95,ZygoLCG
Rhizopus arrhizus,NRRL 66568,GAUUT,SAMN11493327,PRJNA534996,SRS5128323,FBM84,ZygoLCG
Rhizopus arrhizus,NRRL 66592,GAUUA,SAMN11493332,PRJNA535009,SRS5128305,FBM98,ZygoLCG
Rhizopus arrhizus,NRRL 66595,GAUUG,SAMN11493334,PRJNA535015,SRS5128316,FBN04,ZygoLCG
Rhizopus arrhizus,NRRL 66596,GAUUB,SAMN11493473,PRJNA535018,SRS5128307,FBN08,ZygoLCG
Rhizopus arrhizus,NRRL A-10365,GAUWT,SAMN11510180,PRJNA536150,SRS5128362,FBX03,ZygoLCG
Rhizopus arrhizus,NRRL A-10369,CWSGH,SAMN11511983,PRJNA537994,SRS5069352,FB422,ZygoLCG
Rhizopus arrhizus,NRRL A-11376,GAUWU,SAMN11510181,PRJNA536151,SRS5128367,FBX04,ZygoLCG
Rhizopus arrhizus,NRRL A-12998,CWSGU,SAMN11512127,PRJNA537995,SRS4736596,FB423,ZygoLCG
Rhizopus arrhizus,NRRL A-13860,CWSGW,SAMN11511958,PRJNA537996,SRS5069356,FB424,ZygoLCG
Rhizopus arrhizus,NRRL A-16824,CWSGZ,SAMN11511961,PRJNA537999,SRS4736874,FB427,ZygoLCG
Rhizopus arrhizus,NRRL A-16826,CWSHA,SAMN11511962,PRJNA538000,SRS4736869,FB428,ZygoLCG
Rhizopus arrhizus,NRRL A-16827,CWSHB,SAMN11511963,PRJNA538001,SRS4736871,FB429,ZygoLCG
Rhizopus arrhizus,NRRL A-17011,CWPYT,SAMN11512083,PRJNA537964,SRS4735029,FB392,ZygoLCG
Rhizopus arrhizus,NRRL A-23526,CWSHT,SAMN11511965,PRJNA538003,SRS4737348,FB431,ZygoLCG
Rhizopus arrhizus,NRRL A-26112,GAWHA,SAMN11510182,PRJNA536152,SRS5128046,FBX05,ZygoLCG
Rhizopus arrhizus,NRRL A-10276,GPOYX,SAMN14511897,PRJNA619769,,HDV22,ZygoLCG
Rhizopus arrhizus,NRRL A-12134,GPOYT,SAMN14511935,PRJNA619770,,HDV23,ZygoLCG
Rhizopus arrhizus,NRRL A-12745,GPOYY,SAMN14512026,PRJNA619771,,HDV24,ZygoLCG
Rhizopus arrhizus,NRRL A-13471,GPOYU,SAMN14512027,PRJNA619772,,HDV25,ZygoLCG
Rhizopus arrhizus,NRRL A-13606,GPOZC,SAMN14511976,PRJNA619773,,HDV26,ZygoLCG
Rhizopus arrhizus,NRRL A-13642,GPOZG,SAMN14511981,PRJNA619774,,HDV27,ZygoLCG
Rhizopus arrhizus,NRRL A-13676,GPOZH,SAMN14511791,PRJNA619775,,HDV28,ZygoLCG
Rhizopus arrhizus,NRRL A-13677,GPOZN,SAMN14512100,PRJNA619776,,HDV29,ZygoLCG
Rhizopus arrhizus,NRRL A-13678,GPOZO,SAMN14511936,PRJNA619777,,HDV30,ZygoLCG
Rhizopus arrhizus,NRRL A-13688,GPOYW,SAMN14511937,PRJNA619778,,HDV31,ZygoLCG
Rhizopus arrhizus,NRRL A-13690,GPOXZ,SAMN14511938,PRJNA619779,,HDV32,ZygoLCG
Rhizopus arrhizus,NRRL A-13738,GPOYA,SAMN14511792,PRJNA619780,,HDV33,ZygoLCG
Rhizopus arrhizus,NRRL A-13850,GPOYB,SAMN14511898,PRJNA619781,,HDV34,ZygoLCG
Rhizopus arrhizus,NRRL A-13968,GPOYC,SAMN14511996,PRJNA619782,,HDV35,ZygoLCG
Rhizopus arrhizus,NRRL A-15308,GPOZP,SAMN14511793,PRJNA619783,,HDV36,ZygoLCG
Rhizopus arrhizus,NRRL A-17371,GPOYG,SAMN14512028,PRJNA619784,,HDV37,ZygoLCG
Rhizopus arrhizus,NRRL A-20824,GPOYO,SAMN14512040,PRJNA619785,,HDV38,ZygoLCG
Rhizopus arrhizus,NRRL A-21477,GPOYP,SAMN14511794,PRJNA619786,,HDV39,ZygoLCG
Rhizopus arrhizus,NRRL A-21578,GPOYN,SAMN14511899,PRJNA619787,,HDV40,ZygoLCG
Rhizopus arrhizus,NRRL A-21579,GPOZS,SAMN14511806,PRJNA619788,,HDV41,ZygoLCG
Rhizopus arrhizus,NRRL A-21704,GPOYH,SAMN14512029,PRJNA619789,,HDV42,ZygoLCG
Rhizopus arrhizus,NRRL A-23526,CWSHT,SAMN11511965,PRJNA538003,SRS4737348,FB431,ZygoLCG
Rhizopus arrhizus,NRRL A-23527,GPOYZ,SAMN14511982,PRJNA619791,,HDV44,ZygoLCG
Rhizopus arrhizus,NRRL A-25359,GPOZT,SAMN14512030,PRJNA619792,,HDV45,ZygoLCG
Rhizopus arrhizus,NRRL A-26116,GPOZB,SAMN14511939,PRJNA619929,,HDV46,ZygoLCG
Rhizopus arrhizus,NRRL A-26501,GPOZA,SAMN14511929,PRJNA619930,,HDV47,ZygoLCG
Rhizopus arrhizus,XY00429,GPPAU,SAMN11510183,PRJNA535665,SRS5128215,FBU09,ZygoLCG
Rhizopus arrhizus,XY00507,GPPAH,SAMN11510183,PRJNA535665,SRS5128215,FBU09,ZygoLCG
Rhizopus arrhizus,XY01745,GPPAA,SAMN11510183,PRJNA535665,SRS5128215,FBU09,ZygoLCG
Rhizopus arrhizus,XY01861,GPOZW,SAMN11510183,PRJNA535665,SRS5128215,FBU09,ZygoLCG
Rhizopus arrhizus,XY01865,GPOZU,SAMN11510183,PRJNA535665,SRS5128215,FBU09,ZygoLCG
Rhizopus arrhizus,XY01909,GPPAT,SAMN11510183,PRJNA535665,SRS5128215,FBU09,ZygoLCG
Rhizopus arrhizus,XY01921,GPPAB,SAMN11510183,PRJNA535665,SRS5128215,FBU09,ZygoLCG
Rhizopus arrhizus,XY02152,GPPAP,SAMN11510183,PRJNA535665,SRS5128215,FBU09,ZygoLCG
Rhizopus arrhizus,XY02848,GPPAG,SAMN11510183,PRJNA535665,SRS5128215,FBU09,ZygoLCG
Rhizopus arrhizus var. arrhizus,NRRL 66674,CTHWP,SAMN10361573,PRJNA499685,SRS4289397,EC979,ZygoLCG
Rhizopus arrhizus var. delemar,NRRL 5129,CWSBN,SAMN11512117,PRJNA537981,SRS5069315,FB409,ZygoLCG
Rhizopus arrhizus var. delemar,NRRL 66676,CTHWO,SAMN10361225,PRJNA499688,SRS4289534,EC982,ZygoLCG
Rhizopus artocarpi,NRRL 1799,GAUTS,SAMN11532554,PRJNA536153,SRS5128300,FBX06,ZygoLCG
Rhizopus azygosporus,NRRL 13165,GBNTA,SAMN11510819,PRJNA535810,SRS5394216,FBU29,ZygoLCG
Rhizopus chinensis,NRRL 2906,GAUYA,SAMN11493303,PRJNA535084,SRS5128484,FBN78,ZygoLCG
Rhizopus chinensis,NRRL 2909,CWSAW,SAMN11511981,PRJNA537977,SRS4736030,FB405,ZygoLCG
Rhizopus chinensis,NRRL 5190,CWSBP,SAMN11512119,PRJNA537983,SRS4736053,FB411,ZygoLCG
Rhizopus chinensis Saito,NRRL 2905,GAUXW,SAMN11532815,PRJNA538874,SRS5128443,FB642,ZygoLCG
Rhizopus chinensis Saito,NRRL 3671,GAUYG,SAMN11510247,PRJNA536233,SRS5128486,FBX86,ZygoLCG
Rhizopus chinensis var. liquefaciens,NRRL 2870,GAUXX,SAMN11510248,PRJNA536234,SRS5128447,FBX87,ZygoLCG
Rhizopus chungkuoensis,NRRL 2873,GAUUP,SAMN11532233,PRJNA535035,SRS5128320,FBN26,ZygoLCG
Rhizopus circinans,NRRL 1475,CWPZB,SAMN11511966,PRJNA537139,SRS5069297,FB113,ZygoLCG
Rhizopus circinans,NRRL 2913,GAUTH,SAMN11493304,PRJNA535086,SRS5128297,FBN80,ZygoLCG
Rhizopus circinans,NRRL 2917,GBNSW,SAMN11533299,PRJNA538886,SRS5394215,FB654,ZygoLCG
Rhizopus circinans van Tieghem,NRRL 13978,GAUXA,,,,,ZygoLCG
Rhizopus cohnii,NRRL 1517,CWPZP,SAMN11532553,PRJNA537970,SRS4735591,FB398,ZygoLCG
Rhizopus delemar,NRRL 1472,GAUWG,SAMN11532041,PRJNA538869,SRS5128355,FB637,ZygoLCG
Rhizopus formosaensis,NRRL 2910,GAWHH,SAMN11493302,PRJNA535083,SRS5119192,FBN77,ZygoLCG
Rhizopus formosaensis,NRRL 2911,CWSAX,SAMN11512091,PRJNA537978,SRS5069310,FB406,ZygoLCG
Rhizopus formosaensis,NRRL A-10180,GAUSX,SAMN11510183,PRJNA535665,SRS5128215,FBU09,ZygoLCG
Rhizopus hangchao,NRRL 2874,GAUXU,SAMN11533301,PRJNA535037,SRS5128441,FBN28,ZygoLCG
Rhizopus hangchao,NRRL 5545,GAUTN,SAMN11532045,PRJNA535031,SRS5128296,FBN22,ZygoLCG
Rhizopus japonicus,NRRL 1898,CWSAC,SAMN11511967,PRJNA537140,SRS4735910,FB114,ZygoLCG
Rhizopus japonicus,NRRL A-13076,GAUTU,SAMN11510231,PRJNA536199,SRS5128302,FBX52,ZygoLCG
Rhizopus liquefaciens,NRRL 1512,CWPZN,SAMN11512084,PRJNA537968,SRS4735571,FB396,ZygoLCG
Rhizopus liquefaciens,NRRL 1514,CWPZO,SAMN11511979,PRJNA537969,SRS5069306,FB397,ZygoLCG
Rhizopus liquefaciens,NRRL 1703,CWSAB,SAMN11512087,PRJNA537973,SRS4735919,FB401,ZygoLCG
Rhizopus lyococcos,NRRL 1523,GBNSU,SAMN11533445,PRJNA538878,SRS5394211,FB646,ZygoLCG
Rhizopus microsporus,NRRL 13129,GAUTT,SAMN11510232,PRJNA536200,SRS5128301,FBX53,ZygoLCG
Rhizopus microsporus,NRRL 5546,CWSBS,SAMN11511968,PRJNA537141,SRS4736066,FB115,ZygoLCG
Rhizopus microsporus,NRRL 5547,CWSBT,SAMN11511969,PRJNA537142,SRS4736067,FB116,ZygoLCG
Rhizopus microsporus,NRRL 5548,CWSBU,SAMN11511987,PRJNA537143,SRS4736056,FB117,ZygoLCG
Rhizopus microsporus,NRRL 5550,CWSBW,SAMN11512019,PRJNA537144,SRS4736049,FB118,ZygoLCG
Rhizopus microsporus,NRRL 5551,GAUZX,SAMN11493306,PRJNA535095,SRS5119200,FBN90,ZygoLCG
Rhizopus microsporus,NRRL 5552,GAUZU,SAMN11493307,PRJNA535096,SRS5119194,FBN91,ZygoLCG
Rhizopus microsporus,NRRL 5553,CWSBX,SAMN11511988,PRJNA537145,SRS4736296,FB119,ZygoLCG
Rhizopus microsporus,NRRL 5554,CWSBY,SAMN11511989,PRJNA537146,SRS4736299,FB120,ZygoLCG
Rhizopus microsporus,NRRL 5558,GAUSG,SAMN11493329,PRJNA535003,SRS5128181,FBM92,ZygoLCG
Rhizopus microsporus,NRRL A-17693,GAUTO,SAMN11510233,PRJNA536201,SRS5128295,FBX54,ZygoLCG
Rhizopus nigricans Ehrenberg,NRRL 1477,GAUTP,SAMN11510239,PRJNA536223,SRS5128299,FBX76,ZygoLCG
Rhizopus nigricans,NRRL 3370,GAUTZ,SAMN11510187,PRJNA535666,SRS5128304,FBU10,ZygoLCG
Rhizopus nigricans,NRRL 3372,GAUXB,SAMN11510184,PRJNA535667,SRS5128368,FBU11,ZygoLCG
Rhizopus nodosus,NRRL 1473,CWPYZ,SAMN11533435,PRJNA535259,SRS4735530,FBP58,ZygoLCG
Rhizopus nodosus,NRRL 1474,CWPZA,SAMN11532221,PRJNA537967,SRS4735531,FB395,ZygoLCG
Rhizopus nodulosus,NRRL 1473,GBNSP,SAMN11528542,PRJNA535806,SRS5394162,FBU23,ZygoLCG
Rhizopus oligosporus,NRRL 6495,CWSCO,SAMN11512122,PRJNA537989,SRS5069334,FB417,ZygoLCG
Rhizopus oligosporus Saito,NRRL 5905,GAUTY,SAMN11532710,PRJNA538867,SRS5128306,FB635,ZygoLCG
Rhizopus oligosporus Saito,NRRL A-26117,GAWHC,SAMN11510196,PRJNA535668,SRS5128170,FBU12,ZygoLCG
Rhizopus oligosporus Saito,NRRL A-26124,GAUTB,SAMN11510188,PRJNA535669,SRS5128291,FBU13,ZygoLCG
Rhizopus oryzae,NRRL 13098,CWSCT,SAMN11511971,PRJNA537153,SRS5069335,FB127,ZygoLCG
Rhizopus oryzae,NRRL 1549,CWPZY,SAMN11511990,PRJNA537147,SRS4735923,FB121,ZygoLCG
Rhizopus oryzae,NRRL 2625,CWSAS,SAMN11511992,PRJNA537149,SRS5069298,FB123,ZygoLCG
Rhizopus oryzae,NRRL 2871,CWSAU,SAMN11511993,PRJNA537150,SRS4735988,FB124,ZygoLCG
Rhizopus oryzae,NRRL 3133,GBNTC,SAMN11510183,PRJNA535665,SRS5128215,FBU09,ZygoLCG
Rhizopus oryzae,NRRL 3613,CWSBH,SAMN11511994,PRJNA537151,SRS5069316,FB125,ZygoLCG
Rhizopus oryzae,NRRL 46180,GAUUY,SAMN11493355,PRJNA535029,SRS5128353,FBN20,ZygoLCG
Rhizopus oryzae,NRRL 6202,CWSCG,SAMN11511970,PRJNA537152,SRS4736443,FB126,ZygoLCG
Rhizopus oryzae,NRRL 62023,GAUTG,SAMN11510234,PRJNA536202,SRS5128294,FBX55,ZygoLCG
Rhizopus oryzae,NRRL 6400,GAUPW,SAMN11510242,PRJNA536228,SRS5128173,FBX81,ZygoLCG
Rhizopus oryzae,NRRL 66569,CWSGB,SAMN11511972,PRJNA537154,SRS4736598,FB128,ZygoLCG
Rhizopus oryzae,NRRL A-11564,CWSGP,SAMN11511973,PRJNA537155,SRS4736594,FB129,ZygoLCG
Rhizopus oryzae,NRRL A-12640,CWSGS,SAMN11511974,PRJNA537156,SRS4736599,FB130,ZygoLCG
Rhizopus oryzae,NRRL A-12997,CWSGT,SAMN11511995,PRJNA537157,SRS5069355,FB131,ZygoLCG
Rhizopus oryzae,NRRL_1550,CWPZZ,SAMN11510183,PRJNA535665,SRS5128215,FBU09,ZygoLCG
Rhizopus oryzae Went Prinsen Geerlings,NRRL 3563,GAUTC,,,,,ZygoLCG
Rhizopus peka,NRRL 1522,CWPZS,SAMN11512085,PRJNA537971,SRS4735619,FB399,ZygoLCG
Rhizopus pseudochinensis,NRRL 2344,GBNSA,SAMN11532712,PRJNA538882,SRS5394099,FB650,ZygoLCG
Rhizopus reflexus,NRRL A-16792,CWSGY,SAMN11511960,PRJNA537998,SRS4736865,FB426,ZygoLCG
Rhizopus reflexus,NRRL A-18059,CWSHN,SAMN11511964,PRJNA538002,SRS5069354,FB430,ZygoLCG
Rhizopus rhizopodiformis Cohn Zopf,NRRL 6258,GAUPU,,,,,ZygoLCG
Rhizopus rhizopodiformis,NRRL 2570,CWSAO,SAMN11512089,PRJNA537975,SRS4735912,FB403,ZygoLCG
Rhizopus rhizopodiformis,NRRL 5189,CWSBO,SAMN11512118,PRJNA537982,SRS4736068,FB410,ZygoLCG
Rhizopus rhizopodiformis,NRRL 5556,GAUPX,SAMN11493308,PRJNA535098,SRS5128175,FBN93,ZygoLCG
Rhizopus rhizopodiformis,NRRL 6246,GAUSA,SAMN11510197,PRJNA535670,SRS5128176,FBU14,ZygoLCG
Rhizopus rhizopodiformis,NRRL 6259,CWSCN,SAMN11512121,PRJNA537988,SRS5069333,FB416,ZygoLCG
Rhizopus rhizopodiformis,NRRL 6260,GAUPY,SAMN11533443,PRJNA538860,SRS5128174,FB628,ZygoLCG
Rhizopus rhizopodiformis,NRRL 6500,GAUSU,SAMN11493335,PRJNA535020,SRS5128171,FBN10,ZygoLCG
Rhizopus rhizopodiformis,NRRL 6501,CWSCP,SAMN11512123,PRJNA537990,SRS5069336,FB418,ZygoLCG
Rhizopus rhizopodiformis,NRRL A-16034,CWSGX,SAMN11511959,PRJNA537997,SRS5069357,FB425,ZygoLCG
Rhizopus sp.,NRRL 1524,CWPZT,SAMN11532048,PRJNA537158,SRS4735570,FB132,ZygoLCG
Rhizopus sp.,NRRL 1530,GAUSZ,SAMN11533441,PRJNA536203,SRS5128290,FBX56,ZygoLCG
Rhizopus sp.,NRRL 1539,GAUUX,SAMN11532705,PRJNA536204,SRS5128325,FBX57,ZygoLCG
Rhizopus sp.,NRRL 1543,GAUSY,SAMN11528547,PRJNA536205,SRS5128217,FBX58,ZygoLCG
Rhizopus sp.,NRRL 1544,GAUTA,SAMN11532706,PRJNA536206,SRS5128292,FBX59,ZygoLCG
Rhizopus sp.,NRRL 2934,CWSAY,SAMN11532234,PRJNA537159,SRS5069312,FB133,ZygoLCG
Rhizopus sp.,NRRL 3368,CWSBC,SAMN11532819,PRJNA537160,SRS5069313,FB134,ZygoLCG
Rhizopus sp.,NRRL 3373,CWSBG,SAMN11533302,PRJNA537161,SRS5069314,FB135,ZygoLCG
Rhizopus sp.,NRRL 5857,GAUWB,SAMN11532818,PRJNA535011,SRS5128356,FBN00,ZygoLCG
Rhizopus sp.,NRRL A-10162,CWSGG,SAMN11532049,PRJNA537162,SRS5069348,FB136,ZygoLCG
Rhizopus sp.,NRRL A-10958,GAUSW,SAMN11532707,PRJNA536207,SRS5128216,FBX60,ZygoLCG
Rhizopus sp.,NRRL A-11791,GAUST,SAMN11532038,PRJNA536208,SRS5128214,FBX61,ZygoLCG
Rhizopus sp.,NRRL A-16766A,GAWHB,SAMN11533295,PRJNA536209,SRS5128169,FBX62,ZygoLCG
Rhizopus sp.,NRRL A-17034,GAUSP,SAMN11533296,PRJNA536210,SRS5128205,FBX63,ZygoLCG
Rhizopus sp.,NRRL A-17388,GAUWA,SAMN11532701,PRJNA536211,SRS5128354,FBX64,ZygoLCG
Rhizopus sp.,NRRL A-17389,GAUSO,SAMN11532039,PRJNA536212,SRS5128203,FBX65,ZygoLCG
Rhizopus sp.,NRRL A-17473,CWSHC,SAMN11533303,PRJNA537163,SRS4736873,FB137,ZygoLCG
Rhizopus sp.,NRRL A-17548,CWSHG,SAMN11532050,PRJNA537164,SRS4736867,FB138,ZygoLCG
Rhizopus sp.,NRRL A-18472,CWSHO,SAMN11533447,PRJNA537166,SRS4736866,FB140,ZygoLCG
Rhizopus sp.,NRRL A-18714,CWSHP,SAMN11528552,PRJNA537167,SRS4736872,FB141,ZygoLCG
Rhizopus sp.,NRRL A-21231,CWSHS,SAMN11532812,PRJNA537168,SRS4736868,FB142,ZygoLCG
Rhizopus sp.,NRRL A-23913,CWSHU,SAMN11532716,PRJNA537169,SRS4737330,FB143,ZygoLCG
Rhizopus stolonifer,NRRL 1479,GAUUZ,SAMN11510235,PRJNA536213,SRS5128326,FBX66,ZygoLCG
Rhizopus stolonifer,NRRL 1480,CWPZC,SAMN11512010,PRJNA537173,SRS4735592,FB147,ZygoLCG
Rhizopus stolonifer,NRRL 1483,GAUUW,SAMN11532709,PRJNA538863,SRS5128324,FB631,ZygoLCG
Rhizopus stolonifer,NRRL 1519,GAUXT,SAMN11510192,PRJNA536214,SRS5128440,FBX67,ZygoLCG
Rhizopus stolonifer,NRRL 54333,GAUXG,SAMN11493336,PRJNA535022,SRS5128386,FBN12,ZygoLCG
Rhizopus stolonifer,NRRL 54667,CWSCX,SAMN11511996,PRJNA537170,SRS5069347,FB144,ZygoLCG
Rhizopus stolonifer,NRRL 66454,CWSCY,SAMN11511997,PRJNA537171,SRS5069351,FB145,ZygoLCG
Rhizopus stolonifer,NRRL 66455,GAUWO,SAMN11510653,PRJNA535807,SRS5128361,FBU24,ZygoLCG
Rhizopus stolonifer,NRRL 66456,GAUWC,SAMN11493353,PRJNA535024,SRS5128357,FBN14,ZygoLCG
Rhizopus stolonifer,NRRL 66457,GAUWN,SAMN11493305,PRJNA535089,SRS5128359,FBN83,ZygoLCG
Rhizopus stolonifer,NRRL 66458,GAUXC,SAMN11493325,PRJNA535103,SRS5128384,FBN98,ZygoLCG
Rhizopus stolonifer,NRRL 66459,GAUWH,SAMN11493326,PRJNA535105,SRS5128358,FBO00,ZygoLCG
Rhizopus stolonifer,NRRL 66460,CWSCZ,SAMN11511998,PRJNA537172,SRS5069350,FB146,ZygoLCG
Rhizopus thermosus Yamamoto,NRRL 2862,GAUSN,SAMN11510237,PRJNA536220,SRS5128196,FBX73,ZygoLCG
Rhizopus tritici,NRRL 1476,GAUSS,SAMN11510198,PRJNA535671,SRS5128204,FBU15,ZygoLCG
Rhizopus tritici,NRRL 1529,CWPZU,SAMN11512086,PRJNA537972,SRS4735778,FB400,ZygoLCG
Sporodiniella umbellata,FLAS-F-62758,GPGCC,SAMN13166137,PRJNA581162,,GGF36,ZygoLCG
Syncephalastrum racemosum,CBS 440.59_Plus,GBNXA,SAMN11510830,PRJNA535825,SRS5394208,FBU46,ZygoLCG
Syncephalastrum racemosum,CBS 441.59-,GBNXB,SAMN11510832,PRJNA535827,SRS5394207,FBU48,ZygoLCG
Syncephalastrum sp.,NRRL 1487,GAWNB,SAMN11533442,PRJNA536215,SRS5128558,FBX68,ZygoLCG
Syncephalastrum sp.,NRRL 1505,GAUYC,SAMN11532708,PRJNA536222,SRS5128706,FBX75,ZygoLCG
Syncephalastrum sp.,NRRL A-15186,GAWHY,SAMN11532556,PRJNA536216,SRS5128520,FBX69,ZygoLCG
Syncephalastrum sp.,NRRL A-23572,GAWNH,SAMN11532040,PRJNA536218,SRS5128704,FBX71,ZygoLCG
Syncephalastrum verruculosum,RSA 2127,COZUB,SAMN10362774,PRJNA500292,SRS4247325,EDC08,ZygoLCG
Syzygites megalocarpus,SC16,GBNTB,,,,,ZygoLCG
Syzygites sp.,MES 3091,CUPYH,SAMN10872737,PRJNA519281,SRS4604276,EV168,ZygoLCG
Thamnostylum lucknowense,RSA 1015_Plus-T,GBNSX,,,,,ZygoLCG
Thamnostylum lucknowense,RSA 1093-,GBNTU,SAMN11510833,PRJNA535830,SRS5394213,FBU51,ZygoLCG
Thamnostylum nigricans,RSA 1405-,GBNWP,SAMN11510824,PRJNA535818,SRS5394217,FBU38,ZygoLCG
Thamnostylum nigricans,RSA 1406,CHXZG,SAMN09062778,PRJNA455963,SRS3664231,DER74,ZygoLCG
Thamnostylum piriforme,NRRL A-21589,GAUXS,SAMN11510236,PRJNA536219,SRS5128707,FBX72,ZygoLCG
Thamnostylum piriforme,RSA 251,CHXZT,SAMN09074681,PRJNA463349,SRS3664235,DFQ42,ZygoLCG
Thamnostylum repens,RSA 459_Plus,CUPXU,SAMN10864754,PRJNA519277,SRS4604198,EV164,ZygoLCG
Thamnostylum repens Tieghem Upadhyay,NRRL 6240,GAUYS,,,,,ZygoLCG
Umbelopsis ovata,NRRL 13127T,GBNSG,SAMN11512125,PRJNA537992,SRS5069345,FB420,ZygoLCG
Zygorhynchus exponens,NRRL 1492,CUPZW,SAMN10864716,PRJNA519263,SRS4604765,EV150,ZygoLCG
Zygorhynchus exponens var. smithii,NRRL 2572T,GBNTH,SAMN10864716,PRJNA519263,SRS4604765,EV150,ZygoLCG
Zygorhynchus heterogamus Vuillemin,NRRL 1489,GAWHP,SAMN11510194,PRJNA536237,SRS5128515,FBX90,ZygoLCG
Zygorhynchus moelleri,NRRL 1498,GAWGH,SAMN11510199,PRJNA535672,SRS5126947,FBU16,ZygoLCG
Zygorhynchus moelleri Vuillemin,NRRL 1497,GAWGN,SAMN11532228,PRJNA538872,SRS5127768,FB640,ZygoLCG
